key,title,kind,publisher,published,effective,status,status_code,status_source,status_checked_at,version_note,bbbs,authority_url,verification_url,database_id,download_method,raw_file,processed_file,raw_sha256,raw_bytes,article_count,checked_at,mirror_url,retrieved_at
consumer_protection_law,中华人民共和国消费者权益保护法,法律,全国人民代表大会常务委员会,2013-10-25,2014-03-15,有效,3,全国人大国家法律法规数据库，状态字段 sxx=3。,2026-10-09,2013年修正文本；全国人大国家法律法规数据库标记为有效。,2c909fdd678bf17901678bf7670606ef,https://flk.npc.gov.cn/,https://flk.npc.gov.cn/law-search/search/flfgDetails?bbbs=2c909fdd678bf17901678bf7670606ef,2c909fdd678bf17901678bf7670606ef,全国人大国家法律法规数据库 download/pc API + 签名 DOCX 原件,raw/npc_consumer_protection_law.docx,processed/consumer_protection_law.md,8f5da5c99606d7d1ac1c8d304f66ba656cba5a3d61893662cacddc9065b22da1,24706,63,2026-10-09,,
consumer_protection_implementing_regulation,中华人民共和国消费者权益保护法实施条例,行政法规,国务院,2024-03-15,2024-07-01,有效,3,全国人大国家法律法规数据库，状态字段 sxx=3。,2026-10-09,国务院令第778号；全国人大国家法律法规数据库标记为有效。,ff808181927f09310192c2f4cd777281,https://www.gov.cn/zhengce/content/202403/content_6940158.htm,https://flk.npc.gov.cn/law-search/search/flfgDetails?bbbs=ff808181927f09310192c2f4cd777281,ff808181927f09310192c2f4cd777281,全国人大国家法律法规数据库 download/pc API + 签名 DOCX 原件,raw/npc_consumer_protection_implementing_regulation.docx,processed/consumer_protection_implementing_regulation.md,f65749e84c18d735ed1e5b9009d4cfa070a226043fd2a5f8df1ec6975affeb4d,25022,53,2026-10-09,,
civil_code,中华人民共和国民法典,法律,全国人民代表大会,2020-05-28,2021-01-01,有效,3,全国人大国家法律法规数据库，状态字段 sxx=3。,2026-10-09,全国人大国家法律法规数据库标记为有效；消费者合同相关规范需结合具体编、章检索。,ff808081729d1efe01729d50b5c500bf,https://flk.npc.gov.cn/,https://flk.npc.gov.cn/law-search/search/flfgDetails?bbbs=ff808081729d1efe01729d50b5c500bf,ff808081729d1efe01729d50b5c500bf,全国人大国家法律法规数据库 download/pc API + 签名 DOCX 原件,raw/npc_civil_code.docx,processed/civil_code.md,6926a597a66c5aad4803591ce9a51a8eebe847260f5ba2805210b608ded78353,197879,1260,2026-10-09,,
product_quality_law,中华人民共和国产品质量法,法律,全国人民代表大会常务委员会,2018-12-29,2018-12-29,有效,3,全国人大国家法律法规数据库，状态字段 sxx=3。,2026-10-09,2018年修正文本；全国人大国家法律法规数据库标记为有效。,ff8080816f135f46016f1d6dfd7614d3,https://flk.npc.gov.cn/,https://flk.npc.gov.cn/law-search/search/flfgDetails?bbbs=ff8080816f135f46016f1d6dfd7614d3,ff8080816f135f46016f1d6dfd7614d3,全国人大国家法律法规数据库 download/pc API + 签名 DOCX 原件,raw/npc_product_quality_law.docx,processed/product_quality_law.md,7dca95a6464a876a5077fa7273b1155b6d20c57ce0e3c969376a6a634642f35a,28407,74,2026-10-09,,
advertising_law,中华人民共和国广告法,法律,全国人民代表大会常务委员会,2021-04-29,2021-04-29,有效,3,全国人大国家法律法规数据库，状态字段 sxx=3。,2026-10-09,2021年修正文本；全国人大国家法律法规数据库标记为有效。,ff8081817ab231eb017abd6bd860052d,https://flk.npc.gov.cn/,https://flk.npc.gov.cn/law-search/search/flfgDetails?bbbs=ff8081817ab231eb017abd6bd860052d,ff8081817ab231eb017abd6bd860052d,全国人大国家法律法规数据库 download/pc API + 签名 DOCX 原件,raw/npc_advertising_law.docx,processed/advertising_law.md,c0dab1ec824f0941fd3d6f30a435d91cd7ab917cd7e82d437064061f0b7db50e,28174,74,2026-10-09,,
food_safety_law,中华人民共和国食品安全法,法律,全国人民代表大会常务委员会,2025-09-12,2025-12-01,有效,3,全国人大国家法律法规数据库，状态字段 sxx=3。,2026-10-09,2025年修正文本，已于2025-12-01施行；全国人大国家法律法规数据库标记为有效。,7b5a76d0461745a08d3f964916b87ef3,https://flk.npc.gov.cn/,https://flk.npc.gov.cn/law-search/search/flfgDetails?bbbs=7b5a76d0461745a08d3f964916b87ef3,7b5a76d0461745a08d3f964916b87ef3,全国人大国家法律法规数据库 download/pc API + 签名 DOCX 原件,raw/npc_food_safety_law.docx,processed/food_safety_law.md,b0878f191da9d60e62777533aea68dac148aed6dd2ee58a42aab8af40770dad1,54998,154,2026-10-09,,
ecommerce_law,中华人民共和国电子商务法,法律,全国人民代表大会常务委员会,2018-08-31,2019-01-01,有效,3,全国人大国家法律法规数据库，状态字段 sxx=3。,2026-10-09,全国人大国家法律法规数据库标记为有效。,2c909fdd678bf17901678bf8af050b81,https://flk.npc.gov.cn/,https://flk.npc.gov.cn/law-search/search/flfgDetails?bbbs=2c909fdd678bf17901678bf8af050b81,2c909fdd678bf17901678bf8af050b81,全国人大国家法律法规数据库 download/pc API + 签名 DOCX 原件,raw/npc_ecommerce_law.docx,processed/ecommerce_law.md,4469471b922621efd53722cbbda93a4784d4bd124592a39ca4637bcfb57a7d6f,31408,89,2026-10-09,,
prepaid_consumption_interpretation,最高人民法院关于审理预付式消费民事纠纷案件适用法律若干问题的解释,司法解释,最高人民法院,2025-03-13,2025-05-01,有效,3,全国人大国家法律法规数据库，状态字段 sxx=3。,2026-10-09,法释〔2025〕4号；全国人大国家法律法规数据库标记为有效。,ff808181927f0e7b0195d1a1c52d0287,http://gongbao.court.gov.cn/Details/415add6e9c15736f2fbd871bdb1538.html,https://flk.npc.gov.cn/law-search/search/flfgDetails?bbbs=ff808181927f0e7b0195d1a1c52d0287,ff808181927f0e7b0195d1a1c52d0287,全国人大国家法律法规数据库 download/pc API + 签名 DOCX 原件,raw/npc_prepaid_consumption_interpretation.docx,processed/prepaid_consumption_interpretation.md,d41325542d391890443061afde9b20d4a302cf4697b263a1f5116280c448a773,21990,27,2026-10-09,,
food_drug_punitive_compensation_interpretation,最高人民法院关于审理食品药品惩罚性赔偿纠纷案件适用法律若干问题的解释,司法解释,最高人民法院,2024-08-21,2024-08-22,有效,3,全国人大国家法律法规数据库，状态字段 sxx=3。,2026-10-09,法释〔2024〕9号；全国人大国家法律法规数据库标记为有效。,ff80818192289516019240c1c890324a,https://flk.npc.gov.cn/,https://flk.npc.gov.cn/law-search/search/flfgDetails?bbbs=ff80818192289516019240c1c890324a,ff80818192289516019240c1c890324a,全国人大国家法律法规数据库 download/pc API + 签名 DOCX 原件,raw/npc_food_drug_punitive_compensation_interpretation.docx,processed/food_drug_punitive_compensation_interpretation.md,f2b3f6c1470c2d146927051e42efe6456534fd6a072c1ab6f0c46f9579682ebb,19064,19,2026-10-09,,
online_seven_day_return_measure,网络购买商品七日无理由退货暂行办法,部门规章,国家市场监督管理总局（原国家工商行政管理总局）,2017-01-06,2017-03-15,官方修正文本；本条目未取得全国人大数据库状态码,,国务院官网镜像用于核实正文与2020年修正说明；未独立核验当前有效状态。,未独立核验,国务院官方镜像文本注明：国家工商行政管理总局令第90号，2020-10-23依据市场监管总局令第31号修正。状态标记不等同于数据库现行性认定。,,https://www.samr.gov.cn/zw/zfxxgk/fdzdgknr/fgs/art/2023/art_26ca8fe29e184edd899fa0a7a060d935.html,https://www.gov.cn/zhengce/zhengceku/2020-11/03/content_5557118.htm,,国务院官网官方镜像 HTML；另列市场监管总局官方文本页,raw/gov_online_seven_day_return_measure.html,processed/online_seven_day_return_measure.md,fb732d90f34230133f8e3d74a252a8d1f4b952e0c005e35665b934447ff11482,56603,38,,https://www.gov.cn/zhengce/zhengceku/2020-11/03/content_5557118.htm,2026-10-09
